"","country","cases","deaths","geoId","iso3c","date","date2","pop","miss","total.pop","cum.cases","cum.deaths","total.cases","total.deaths","total.cum.cases","total.cum.deaths","cases.pc","deaths.pc","cum.cases.pc","cum.deaths.pc","X","schools","events","lockdown","emergency_powers","emergency_state","emerg","emerg.state","school.d","events.d","lockdown.d","emerg.d","emerg.state.d","remove.school","remove.events","remove.lockdown","remove.emerg","remove.emerg.state","CC.EST","GE.EST","PV.EST","RL.EST","RQ.EST","free","rai","country_code","country_id","cabinet_id","n_parties","caretaker","minority","gov_start_date","pm_party_en","pm_party_local","pm_party_lr","pm_party_lr_econ","pm_party_galtan","pm_party_family","party_id","hm_party_en","hm_party_loc","hm_party_family","party_id_health","hm_min_name","hm_min_type","hm_medic","federalism","sgi_experts","mindate.p","schools.p","events.p","lockdown.p","notes"
"58","Austria",64,0,"AT","AUT",2020-03-12,18333,8847037,FALSE,534379900,246,0,4825,233,22744,947,7,0,28,0,1,2020-03-12,2020-03-11,2020-03-16,NA,NA,NA,NA,1,1,0,0,0,FALSE,TRUE,FALSE,FALSE,FALSE,1.596262,1.453342,0.9175232,1.875834,1.544717,93,23,40,59,1609,2,0,0,"07-01-2020","Austrian People's Party","Österreichische Volkspartei",6.1,6.4,7.2,"Christian democracy",1013,"Greens","Die Grüne","Green Ecologist",1429,"Social Affairs, Health, Care, and Consumer Protection","shared",0,1,4,2020-01-01,2020-03-12,2020-03-11,2020-03-16,NA
"144","Belgium",47,3,"BE","BEL",2020-03-12,18333,11422068,FALSE,534379900,314,3,4825,233,22744,947,4,0,27,0,2,2020-03-12,2020-03-12,2020-03-17,"3/15/2020",NA,2020-03-15,NA,1,1,0,0,0,FALSE,FALSE,FALSE,FALSE,FALSE,1.510279,1.171748,0.412356,1.3679,1.233861,96,34.9,56,64,1622,3,1,1,"27-10-2019","Reformist Movement","Mouvement Réformateur",7,7.6,3,"Liberal",915,"Flemish Liberals and Democrats","Vlaamse Liberalen en Democraten  Open VLD","Liberal",1110,"Asylum, Migration, Health, and Social Affairs","shared",1,1,6,2020-01-01,2020-03-14,2020-03-14,2020-03-18,NA
"231","Bulgaria",16,0,"BG","BGR",2020-03-13,18334,7024216,FALSE,534379900,23,1,6403,248,29147,1195,2,0,3,0,3,2020-03-13,2020-03-13,2020-03-13,"3/13/2020","3/13/2020",2020-03-13,2020-03-13,1,1,1,1,1,FALSE,FALSE,FALSE,FALSE,FALSE,-0.1515335,0.2718757,0.4196386,-0.029567,0.5765803,80,2,100,10,1505,2,0,0,"04-05-2017","Citizens for European Development of Bulgaria","Grazhdani za Evropeysko Razvitie na Balgariya",6.5,7,5.117647,"Conservative",1541,"Citizens for European Development of Bulgaria","Grazhdani za Evropeysko Razvitie na Balgariya","Conservative",1541,"Health","single",0,0,5,2020-01-01,2020-03-05,2020-03-13,2020-03-13,NA
"317","Croatia",9,0,"HR","HRV",2020-03-13,18334,4089400,FALSE,534379900,25,0,6403,248,29147,1195,2,0,6,0,4,2020-03-13,2020-03-18,2020-03-17,NA,NA,NA,NA,1,0,0,0,0,FALSE,FALSE,FALSE,FALSE,FALSE,0.1316391,0.4569183,0.7688776,0.324786,0.4473468,85,9,191,62,1512,2,0,1,"09-07-2017","Croatian Democratic Union","Hrvatska demokratska zajednica",7.333334,5.333334,8.25,"Christian democracy",276,"Croatian Democratic Union","Hrvatska demokratska zajednica","Christian democracy",276,"Health","single",1,0,4,2020-01-01,2020-03-13,2020-03-18,2020-03-17,NA
"403","Cyprus",0,0,"CY","CYP",2020-03-13,18334,1189265,TRUE,534379900,6,0,6403,248,29147,1195,0,0,5,0,5,2020-03-13,2020-03-10,2020-03-24,"3/15/2020","3/15/2020",2020-03-15,2020-03-15,1,1,0,0,0,FALSE,TRUE,FALSE,FALSE,FALSE,0.6399662,0.9209022,0.543319,0.7534632,1.017323,94,0,196,51,1492,2,0,1,"22-05-2016","Democratic Rally","Dimokratikós Sinayermós",7.5,8.5,6,"Conservative",1575,"Independent","independent",NA,NA,"Health","single",0,0,3,2020-03-10,2020-03-13,2020-03-10,2020-03-24,NA
"486","Czech_Republic",8,0,"CZ","CZE",2020-03-10,18331,10650000,FALSE,534379900,40,0,3355,136,15263,534,1,0,4,0,6,2020-03-10,2020-03-10,2020-03-16,"3/12/2020","3/12/2020",2020-03-12,2020-03-12,1,1,0,0,0,FALSE,FALSE,FALSE,FALSE,FALSE,0.5037321,0.9222081,1.040143,1.04966,1.261501,91,12.3,203,68,1534,2,0,1,"27-06-2018","Action of Dissatisfied Citizens","Akce nespokojených obcanu",4.923077,5.846154,5.142857,"Liberal",2263,"Action of Dissatisfied Citizens","Akce nespokojených obcanu","Liberal",2263,"Health","single",0,0,6,2020-01-01,2020-03-11,2020-03-11,2020-03-16,NA
"573","Denmark",151,0,"DK","DNK",2020-03-11,18332,5797446,FALSE,534379900,264,0,2656,180,17919,714,26,0,46,0,7,2020-03-11,2020-03-09,2020-03-13,"3/18/2020",NA,2020-03-18,NA,1,1,0,0,0,FALSE,TRUE,FALSE,FALSE,FALSE,2.147795,1.871631,0.9590668,1.833378,1.67705,97,7.3,208,21,1598,1,0,1,"27-06-2019","Social Democrats","Socialdemokraterne",4.4,3.9,5.2,"Social democracy",1629,"Social Democrats","Socialdemokraterne","Social democracy",1629,"Health and Elderly Affairs","shared",0,0,8,2020-01-01,2020-03-13,2020-03-09,2020-03-13,NA
"664","Estonia",56,0,"EE","EST",2020-03-16,18337,1320884,FALSE,534379900,171,0,9434,591,53964,2329,42,0,129,0,8,2020-03-16,2020-03-13,NA,"3/12/2020","3/12/2020",2020-03-12,2020-03-12,1,1,0,1,1,FALSE,TRUE,FALSE,TRUE,TRUE,1.506318,1.191938,0.5999668,1.240627,1.562708,94,0,233,75,1595,3,0,0,"29-04-2019","Estonian Centre Party","Eesti Keskerakond",3.8,3.133333,5.133333,"Social democracy",1137,"Estonian Centre Party","Eesti Keskerakond","Social democracy",1137,"Social Affairs","subsumed",0,0,7,2020-01-01,2020-03-16,2020-03-13,NA,"Health care is under portfolio of Ministry of Social Affairs"
"750","Finland",57,0,"FI","FIN",2020-03-16,18337,5518050,FALSE,534379900,267,0,9434,591,53964,2329,10,0,48,0,9,2020-03-16,2020-03-16,NA,"3/16/2020","3/16/2020",2020-03-16,2020-03-16,1,1,0,1,1,FALSE,FALSE,FALSE,FALSE,FALSE,2.21243,1.984208,0.9249202,2.046279,1.786545,100,7,246,67,1607,5,0,0,"10-12-2019","Social Democratic Party of Finland","Suomen Sosialidemokraattinen Puolue – Finlands Socialdemokratiska Parti",4,3.444444,3.222222,"Social democracy",395,"Democratic Union - Left Alliance","Demokraattinen Liitto – Demokratiska Förbundet | Vasemmistoliitto – Vänsterförbundet","Communist Socialist",1292,"Social Affairs and Health","shared",0,1,7,2020-01-01,2020-03-18,2020-03-18,NA,NA
"834","France",785,18,"FR","FRA",2020-03-14,18335,66987244,FALSE,534379900,3661,79,6760,312,35907,1507,12,0,55,1,10,2020-03-14,2020-02-29,2020-03-17,"3/22/2020",NA,2020-03-22,NA,1,1,0,0,0,FALSE,TRUE,FALSE,FALSE,FALSE,1.316893,1.480526,0.1091348,1.440087,1.173062,90,22.2,250,43,1509,4,0,0,"21-06-2017","Union for a Popular Movement - The Republicans","Union pour un mouvement populaire - Les Républicains",7.666667,7.333334,7.166667,"Conservative",658,"The Republic Onwards!","La République en Marche!","Liberal",2643,"Solidarity and Health","shared",1,0,4,2020-01-01,2020-03-16,2020-02-29,2020-03-17,NA
"922","Germany",1043,4,"DE","DEU",2020-03-16,18337,82927922,FALSE,534379900,4838,12,9434,591,53964,2329,13,0,58,0,11,2020-03-16,2020-03-20,2020-03-22,"3/25/2020",NA,2020-03-25,NA,1,0,0,0,0,FALSE,FALSE,FALSE,FALSE,FALSE,1.946584,1.619633,0.6048951,1.630446,1.749248,94,37.4,276,54,1528,2,0,0,"14-03-2018","Christian Democratic Union Christian Social Union","Christlich Demokratische Union Christlich Soziale Union",5.5625,6.0625,5.8,"Christian democracy",1727,"Christian Democratic Union","Christlich Demokratische Union","Christian Democracy",1727,"Health","single",0,1,6,2020-01-01,2020-03-18,2020-03-20,2020-03-22,NA
"1003","Greece",6,0,"EL","GRC",2020-03-11,18332,10727668,FALSE,534379900,90,0,2656,180,17919,714,1,0,8,0,12,2020-03-11,2020-03-09,2020-03-23,NA,NA,NA,NA,1,1,0,0,0,FALSE,TRUE,FALSE,FALSE,FALSE,-0.0660259,0.3382609,0.0925857,0.1529743,0.2950006,88,8,300,41,1597,1,0,0,"08-07-2019","New Democracy","Néa Dimokratia",7.333334,8.538462,7.076923,"Christian democracy",47,"New Democracy","Néa Dimokratia","Christian democracy",47,"Health","single",1,0,6,2020-01-01,2020-03-11,2020-03-09,2020-03-23,NA
"1094","Hungary",8,1,"HU","HUN",2020-03-16,18337,9768785,FALSE,534379900,39,1,9434,591,53964,2329,1,0,4,0,13,2020-03-16,2020-03-11,2020-03-28,"3/11/2020","3/11/2020",2020-03-11,2020-03-11,1,1,0,1,1,FALSE,TRUE,FALSE,TRUE,TRUE,0.053347,0.4873109,0.7552119,0.555392,0.6022686,70,8.9,348,39,1531,2,0,0,"10-05-2018","Fidesz -- Hungarian Civic Union","Fidesz – Magyar Polgári Szövetség",8.727273,4.090909,9.238095,"Conservative",921,"Fidesz -- Hungarian Civic Union","Fidesz – Magyar Polgári Szövetség","Conservative",921,"Human Capacities","subsumed",1,0,2,2020-01-01,2020-03-16,2020-03-11,2020-03-28,"Health care under Ministry of Human Capacities (seemingly)"
"1181","Iceland",21,0,"IS","ISL",2020-03-17,18338,353574,FALSE,534379900,199,0,9327,425,63291,2754,59,0,563,0,14,2020-03-17,2020-03-16,NA,NA,NA,NA,NA,1,1,0,0,0,FALSE,TRUE,FALSE,FALSE,FALSE,1.843649,1.465655,1.412426,1.719734,1.417764,94,0,352,56,1524,2,0,0,"30-11-2017","Left-Green Movement","Vinstrihreyfingin – grænt framboð",NA,NA,NA,"Green Ecologist",210,"Left-Green Movement","Vinstrihreyfingin – grænt framboð","Green Ecologist",210,"Health","single",0,0,6,2020-01-01,2020-03-17,2020-03-16,NA,NA
"1262","Ireland",8,1,"IE","IRL",2020-03-12,18333,4853506,FALSE,534379900,43,1,4825,233,22744,947,2,0,9,0,15,2020-03-12,2020-03-12,2020-03-27,"3/19/2020",NA,2020-03-19,NA,1,1,0,0,0,FALSE,FALSE,FALSE,FALSE,FALSE,1.547376,1.420338,1.030591,1.464224,1.595356,97,12,372,37,1511,2,1,1,"14-01-2020","Fine Gael (Family of the Irish)","Fine Gael",6.625,7.125,6.375,"Christian democracy",1393,"Fine Gael (Family of the Irish)","Fine Gael","Christian democracy",1393,"Health","single",0,0,5,2020-01-01,2020-03-20,2020-03-26,NA,"on 14 January 2020 government dissolved, new elections on 8 February 2020, no new government formed, Varadkar government caretaker since 20 February 2020 until new government. PM is a medical doctor"
"1340","Italy",466,28,"IT","ITA",2020-03-04,18325,60431283,FALSE,534379900,2502,80,653,29,3339,84,8,0,41,1,16,2020-03-04,2020-03-04,2020-03-12,"1/31/2020","1/31/2020",2020-01-31,2020-01-31,1,1,0,1,1,FALSE,FALSE,FALSE,TRUE,TRUE,0.2356188,0.4138835,0.3111933,0.2467615,0.6714953,89,23.9,380,26,1603,4,0,0,"05-09-2019",NA,NA,4.5,3.857143,3.75,NA,1552,"Free and Equal","Liberi e Uguali","Social democracy",NA,"Health","single",0,0,3,2020-01-01,2020-03-04,2020-03-04,2020-03-12,"health minister's party does not appear in ParlGov"
"1434","Latvia",2,0,"LV","LVA",2020-03-12,18333,1926542,FALSE,534379900,10,0,4825,233,22744,947,1,0,5,0,17,2020-03-12,2020-03-12,NA,"3/12/2020","3/12/2020",2020-03-12,2020-03-12,1,1,0,1,1,FALSE,FALSE,FALSE,FALSE,FALSE,0.3285871,1.043452,0.4215345,0.9569856,1.189894,89,3,428,55,1592,5,0,0,"23-01-2019","Unity","Vienotiba",6.9,6.666667,4,"Conservative",1666,"Development For!","Attistibai Par!","Liberal",NA,"Health","single",0,0,6,2020-03-03,2020-03-12,2020-03-12,NA,"health minister's party does not appear in ParlGov"
"1520","Lithuania",0,0,"LT","LTU",2020-03-12,18333,2789533,FALSE,534379900,3,0,4825,233,22744,947,0,0,1,0,18,2020-03-12,2020-03-12,2020-03-16,"2/26/2020","2/26/2020",2020-02-26,2020-02-26,1,1,0,1,1,FALSE,FALSE,FALSE,TRUE,TRUE,0.4978957,1.072398,0.752799,0.9573604,1.113281,91,3,440,15,1615,4,0,0,"20-08-2019","Lithuanian Peasant Union","Lietuvos valstieciu sajunga",3.866667,3.416667,6.166667,"Agrarian",191,NA,NA,NA,NA,"Health","single",1,0,6,2020-01-01,2020-03-12,2020-03-12,2020-03-16,NA
"1607","Luxembourg",19,0,"LU","LUX",2020-03-13,18334,607728,FALSE,534379900,26,0,6403,248,29147,1195,31,0,43,0,19,2020-03-13,2020-03-12,2020-03-15,"3/18/2020","3/18/2020",2020-03-18,2020-03-18,1,1,0,0,0,FALSE,TRUE,FALSE,FALSE,FALSE,2.087755,1.778221,1.373404,1.810886,1.757206,98,0,442,7,1588,3,0,0,"05-12-2018","Democratic Party","Demokratesch Partei",5,7.5,0.5,"Liberal",967,"Luxembourg Socialist Workers' Party","Lëtzebuerger Sozialistesch Arbechterpartei","Social democracy",701,"Health (see remarks)","subsumed",0,0,7,2020-01-01,2020-03-13,2020-03-12,2020-03-15,"One person holds three portfolios: the health minister, Paulette Lenert, is at the same time minister delegate of Social Security and Consumer Protection"
"1692","Malta",2,0,"MT","MLT",2020-03-12,18333,483530,FALSE,534379900,6,0,4825,233,22744,947,4,0,12,0,20,2020-03-12,2020-03-12,NA,"4/1/2020","4/1/2020",2020-04-01,2020-04-01,1,1,0,0,0,FALSE,FALSE,FALSE,FALSE,FALSE,0.5799018,0.968796,1.294193,1.053974,1.336778,90,0,470,72,1623,1,0,0,"13-01-2020","Malta Labour Party","Partit Laburista",5,5.25,2.25,"Social democracy",1003,"Malta Labour Party","Partit Laburista","Social democracy",1003,"Health","single",1,0,5,2020-03-08,2020-03-12,2020-03-12,NA,NA
"1781","Netherlands",155,7,"NL","NLD",2020-03-15,18336,17231017,FALSE,534379900,959,12,8623,231,44530,1738,9,0,56,1,21,2020-03-15,2020-03-12,2020-03-23,NA,NA,NA,NA,1,1,0,0,0,FALSE,TRUE,FALSE,FALSE,FALSE,2.009026,1.850466,0.8682934,1.816361,2.01824,99,17.5,528,8,1530,4,0,0,"26-10-2017","People's Party for Freedom and Democracy","Volkspartij voor Vrijheid en Democratie",7.866667,8.6,5.333334,"Liberal",1409,"People's Party for Freedom and Democracy","Volkspartij voor Vrijheid en Democratie","Liberal",1409,"Health, Welfare and Sport","shared",0,0,6,2020-01-01,2020-03-15,2020-03-12,2020-03-23,"After falling ill, the health care minister is replaced by an independent; management of the epidemy shifted to Christian Democratic ministry"
"1864","Norway",212,0,"NO","NOR",2020-03-12,18333,5314336,FALSE,534379900,489,0,4825,233,22744,947,40,0,92,0,22,2020-03-12,2020-03-12,2020-03-12,"3/21/2020",NA,2020-03-21,NA,1,1,1,0,0,FALSE,FALSE,FALSE,FALSE,FALSE,2.089907,1.887119,1.153804,1.965631,1.75844,100,12,578,9,1617,3,0,1,"24-01-2020","Conservative Party","Høyre",7.25,7.25,5,"Conservative",1435,"Conservative Party","Høyre","Conservative",1435,"Health and Care Services","shared",0,0,8,2020-01-01,2020-03-12,2020-03-12,2020-03-12,NA
"1950","Poland",9,0,"PL","POL",2020-03-12,18333,37978548,FALSE,534379900,31,0,4825,233,22744,947,0,0,1,0,23,2020-03-12,2020-03-10,2020-03-12,NA,NA,NA,NA,1,1,1,0,0,FALSE,TRUE,FALSE,FALSE,FALSE,0.6414219,0.6626508,0.5450124,0.4278919,0.8819272,84,9,616,74,1611,1,0,0,"15-11-2019","Law and Justice","Prawo i Sprawiedliwosc",8.285714,2.571429,9.190476,"Conservative",528,"Law and Justice","Prawo i Sprawiedliwosc","Conservative",528,"Health","single",1,0,4,2020-01-01,2020-03-12,2020-03-10,2020-03-12,NA
"2040","Portugal",76,0,"PT","PRT",2020-03-16,18337,10281762,FALSE,534379900,245,0,9434,591,53964,2329,7,0,24,0,24,2020-03-16,2020-03-10,2020-03-19,"3/18/2020","3/18/2020",2020-03-18,2020-03-18,1,1,0,0,0,FALSE,TRUE,FALSE,FALSE,FALSE,0.8498304,1.208909,1.140031,1.140912,0.8900307,96,8.1,620,67,1610,1,0,1,"26-10-2019","Socialist Party","Partido Socialista",3.833333,3.75,3.083333,"Social democracy",725,"Independent","Independent",NA,NA,"Health","single",0,0,5,2020-01-01,2020-03-16,2020-03-10,2020-03-19,NA
"2119","Romania",2,0,"RO","ROU",2020-03-09,18330,19473936,FALSE,534379900,15,0,2489,146,11908,398,0,0,1,0,25,2020-03-09,2020-03-08,2020-03-25,"3/14/2020","3/14/2020",2020-03-14,2020-03-14,1,1,0,0,0,FALSE,TRUE,FALSE,FALSE,FALSE,-0.1216504,-0.2534418,0.0593082,0.3254628,0.4453986,83,10,642,23,1619,1,0,1,"04-11-2019","National Liberal Party","Partidul National Liberal",6.647059,6.647059,5.352941,"Liberal",1015,"National Liberal Party","Partidul National Liberal","Liberal",1015,"Health","single",1,0,4,2020-01-01,2020-03-11,2020-03-08,2020-03-23,"Minister of health Costache was replaced amidst the crisis by Tataru (14 March 2020)"
"2208","Slovakia",3,0,"SK","SVK",2020-03-12,18333,5447011,FALSE,534379900,10,0,4825,233,22744,947,1,0,2,0,26,2020-03-12,2020-03-10,2020-03-12,"3/15/2020","3/15/2020",2020-03-15,2020-03-15,1,1,1,0,0,FALSE,TRUE,FALSE,FALSE,FALSE,0.3629198,0.7074615,0.7504383,0.5290585,0.8107936,88,7,703,1,1529,3,0,0,"22-03-2018","Direction - Social Democracy","Smer – sociálna demokracia",3.842105,2.9,7.35,"Social democracy",220,"Direction - Social Democracy","Smer – sociálna demokracia","Social democracy",220,"Health","single",0,0,5,2020-01-01,2020-03-12,2020-03-10,2020-03-12,"Prime Minister Pellegrini is the acting Health minister since 17 December 2019"
"2294","Slovenia",26,0,"SI","SVN",2020-03-12,18333,2067372,FALSE,534379900,57,0,4825,233,22744,947,13,0,28,0,27,2020-03-12,2020-03-07,2020-03-20,"3/12/2020","3/12/2020",2020-03-12,2020-03-12,1,1,0,1,1,FALSE,TRUE,FALSE,FALSE,FALSE,0.8702175,1.125806,0.9109183,1.058505,0.6948206,94,2,705,60,1555,5,0,1,"17-08-2018","List of Marjan Sarec","Lista Marjana Šarca",3.153846,3.416667,3.538461,"Social democracy",2668,"List of Marjan Sarec","Lista Marjana Šarca","Social democracy",2668,"Health","single",0,0,4,2020-01-01,2020-03-12,2020-03-07,2020-03-20,NA
"2382","Spain",1227,37,"ES","ESP",2020-03-14,18335,46723749,FALSE,534379900,4231,121,6760,312,35907,1507,26,1,91,3,28,2020-03-14,2020-03-14,2020-03-14,"3/14/2020","3/14/2020",2020-03-14,2020-03-14,1,1,1,1,1,FALSE,FALSE,FALSE,FALSE,FALSE,0.613507,1.002136,0.2548025,0.9689376,0.9452896,92,29.8,724,27,1605,5,0,1,"13-01-2020","Spanish Socialist Workers Party","Partido Socialista Obrero Español",3.857143,3.785714,2.857143,"Social democracy",902,"Socialists' Party of Catalonia","Partit dels Socialistes de Catalunya","Social democracy",1974,"Health","single",0,0,7,2020-01-01,2020-03-16,2020-03-14,2020-03-14,NA
"2494","Sweden",726,96,"SE","SWE",2020-04-09,18361,10183175,FALSE,534379900,8419,687,31588,3746,688409,60212,71,9,827,67,29,NA,2020-03-12,NA,NA,NA,NA,NA,0,1,0,0,0,FALSE,TRUE,FALSE,FALSE,FALSE,2.139578,1.830975,0.9136876,1.895983,1.800021,100,12,752,35,1590,2,0,1,"18-01-2019","Social Democrats","Socialdemokraterna",3.888889,3.470588,4.411765,"Social democracy",904,"Social Democrats","Socialdemokraterna","Social democracy",904,"Health and Social Affairs","single",0,0,8,2020-01-01,NA,2020-03-12,NA,NA
"2553","Switzerland",212,0,"CH","CHE",2020-03-13,18334,8516543,FALSE,534379900,854,4,6403,248,29147,1195,25,0,100,0,30,2020-03-13,2020-03-14,NA,"3/16/2020",NA,2020-03-16,NA,1,0,0,0,0,FALSE,FALSE,FALSE,FALSE,FALSE,2.00971,2.039621,1.344863,1.931222,1.780406,96,26.5,756,40,1612,4,0,0,"11-12-2019","Social Democrats","Sozialdemokratische Partei der Schweiz – Parti Socialiste Suisse",2.125,2,1.625,"Social democracy",NA,"Radical Democratic Part","Sozialdemokratische Partei der Schweiz – Parti Socialiste Suisse","Social democracy",35,"Home Affairs","subsumed",0,1,9,2020-01-01,2020-03-13,2020-03-17,NA,"Health care portfolio resides under Federal Department of Home Affairs; There is no Prime Minister, a rotating president"
"2649","United_Kingdom",665,48,"UK","GBR",2020-03-23,18344,66488991,FALSE,534379900,5683,281,19259,1307,167158,8681,10,1,85,4,31,2020-03-23,2020-03-21,2020-03-23,"3/25/2020",NA,2020-03-25,NA,1,1,1,0,0,FALSE,TRUE,FALSE,FALSE,FALSE,1.826577,1.341884,0.0487175,1.638637,1.761863,94,9.1,826,44,1606,1,0,0,"13-12-2019","Conservatives","Conservatives",7.642857,7.857143,7,"Conservative",773,"Conservatives","Conservatives","Conservative",773,"Health and Social Care","shared",0,0,8,2020-01-01,2020-03-23,2020-03-21,2020-03-23,NA
